Origin_aggregated,Origin_mean_enc
IAH,11.221490596320836
EWR,16.57984512626733
LAS,7.307309394145677
Other,9.637544709940025
DEN,9.439524328545168
PHX,4.667116591273895
DFW,12.737043630609246
ATL,10.986457368590168
ORD,22.34252405413754
LAX,7.690031987550791
MCO,8.716002670821277
SLC,6.415841584158416
