Dest_aggregated,Dest_mean_enc
IAH,9.600237393582187
EWR,19.621505147508714
LAS,8.569150288037953
Other,9.703912383047827
DEN,7.120112549606402
PHX,4.617512280959015
DFW,10.551401736362733
ATL,10.603006892372946
ORD,22.672266685065086
LAX,9.756075545063185
MCO,9.522840105394536
SLC,6.3583197775095766
